<?xml version="1.0" encoding="UTF-8"?>
<project-private xmlns="http://www.netbeans.org/ns/project-private/1">
    <editor-bookmarks xmlns="http://www.netbeans.org/ns/editor-bookmarks/2" lastBookmarkId="0"/>
    <open-files xmlns="http://www.netbeans.org/ns/projectui-open-files/2">
        <group>
            <file>file:/C:/CodigoJava/JavaApplication4/src/javaapplication4/Moto.java</file>
            <file>file:/C:/CodigoJava/JavaApplication4/src/javaapplication4/Carro.java</file>
            <file>file:/C:/CodigoJava/JavaApplication4/src/javaapplication4/Vehiculo.java</file>
            <file>file:/C:/CodigoJava/JavaApplication4/src/javaapplication4/JavaApplication4.java</file>
        </group>
    </open-files>
</project-private>
